opt_level,wasm_opt,lto,codegen_units,strip,panic,build_time,wasm_opt_time,size,size_gzipped,frame_time
S,None,Off,One,None,Unwind,206.01161,0,38742648,9186515,27.21
S,S,Off,One,None,Unwind,206.01161,100.58246,24495631,7373754,26.44
S,Z,Off,One,None,Unwind,206.01161,107.67778,22122197,7318161,26.23
S,Three,Off,One,None,Unwind,206.01161,106.548454,25006615,7438226,25.3
S,Both,Off,One,None,Unwind,206.01161,88.168915,24495631,7373754,25.79
S,None,Off,One,None,Abort,209.6289,0,38743635,9185474,25.38
S,S,Off,One,None,Abort,209.6289,105.63397,24490563,7373355,26.12
S,Z,Off,One,None,Abort,209.6289,113.552795,22122546,7317921,26.41
S,Three,Off,One,None,Abort,209.6289,117.89191,25003658,7438074,26.74
S,Both,Off,One,None,Abort,209.6289,105.85758,24490563,7373355,27.86
S,None,Off,One,DebugInfo,Unwind,210.77454,0,38742648,9186515,26.29
S,S,Off,One,DebugInfo,Unwind,210.77454,103.846,24495631,7373754,26.31
S,Z,Off,One,DebugInfo,Unwind,210.77454,108.7604,22122197,7318161,27.59
S,Three,Off,One,DebugInfo,Unwind,210.77454,107.10816,25006615,7438226,27.24
S,Both,Off,One,DebugInfo,Unwind,210.77454,101.02984,24495631,7373754,26.97
S,None,Off,One,DebugInfo,Abort,199.1265,0,38743635,9185474,26.34
S,S,Off,One,DebugInfo,Abort,199.1265,95.923515,24490563,7373355,26.61
S,Z,Off,One,DebugInfo,Abort,199.1265,107.80997,22122546,7317921,27.67
S,Three,Off,One,DebugInfo,Abort,199.1265,112.36846,25003658,7438074,27.08
S,Both,Off,One,DebugInfo,Abort,199.1265,87.765625,24490563,7373355,26.66
S,None,Off,Default,None,Unwind,148.01732,0,59361166,11668983,32.1
S,S,Off,Default,None,Unwind,148.01732,180.35811,31411367,8399125,31.52
S,Z,Off,Default,None,Unwind,148.01732,190.58896,28211752,8335160,30.02
S,Three,Off,Default,None,Unwind,148.01732,197.86517,32511341,8662696,29.89
S,Both,Off,Default,None,Unwind,148.01732,186.27556,31411367,8399125,29.94
S,None,Off,Default,None,Abort,148.9644,0,59354952,11666291,31.2
S,S,Off,Default,None,Abort,148.9644,179.76874,31405560,8393617,31.77
S,Z,Off,Default,None,Abort,148.9644,176.10089,28203132,8326400,31.29
S,Three,Off,Default,None,Abort,148.9644,202.2313,32506557,8656676,31.93
S,Both,Off,Default,None,Abort,148.9644,190.56464,31405560,8393617,31.34
S,None,Off,Default,DebugInfo,Unwind,146.32016,0,59361166,11668983,32.25
S,S,Off,Default,DebugInfo,Unwind,146.32016,187.64734,31411367,8399125,31.6
S,Z,Off,Default,DebugInfo,Unwind,146.32016,190.99963,28211752,8335160,30.47
S,Three,Off,Default,DebugInfo,Unwind,146.32016,202.94534,32511341,8662696,30.92
S,Both,Off,Default,DebugInfo,Unwind,146.32016,187.07242,31411367,8399125,29.97
S,None,Off,Default,DebugInfo,Abort,146.27994,0,59354952,11666291,31.51
S,S,Off,Default,DebugInfo,Abort,146.27994,192.52934,31405560,8393617,30.65
S,Z,Off,Default,DebugInfo,Abort,146.27994,190.26,28203132,8326400,32.01
S,Three,Off,Default,DebugInfo,Abort,146.27994,180.40097,32506557,8656676,31.46
S,Both,Off,Default,DebugInfo,Abort,146.27994,158.3658,31405560,8393617,32.18
S,None,Thin,One,None,Unwind,281.9253,0,38830588,9051616,27.61
S,S,Thin,One,None,Unwind,281.9253,101.943535,25185305,7441313,26.34
S,Z,Thin,One,None,Unwind,281.9253,106.17682,22589786,7373034,26.21
S,Three,Thin,One,None,Unwind,281.9253,106.40596,25206246,7453559,26.26
S,Both,Thin,One,None,Unwind,281.9253,102.15206,25185305,7441313,25.64
S,None,Thin,One,None,Abort,277.96347,0,38821429,9048468,25.25
S,S,Thin,One,None,Abort,277.96347,87.64878,25179561,7438976,25.22
S,Z,Thin,One,None,Abort,277.96347,102.83912,22587520,7367948,26.86
S,Three,Thin,One,None,Abort,277.96347,97.96435,25200180,7448763,25.61
S,Both,Thin,One,None,Abort,277.96347,96.91974,25179561,7438976,26.56
S,None,Thin,One,DebugInfo,Unwind,273.4643,0,38830588,9051616,25.22
S,S,Thin,One,DebugInfo,Unwind,273.4643,96.00886,25185305,7441313,25.91
S,Z,Thin,One,DebugInfo,Unwind,273.4643,91.01817,22589786,7373034,26.78
S,Three,Thin,One,DebugInfo,Unwind,273.4643,97.873695,25206246,7453559,26.03
S,Both,Thin,One,DebugInfo,Unwind,273.4643,90.19884,25185305,7441313,25.86
S,None,Thin,One,DebugInfo,Abort,274.73944,0,38821429,9048468,27.94
S,S,Thin,One,DebugInfo,Abort,274.73944,95.87651,25179561,7438976,26.06
S,Z,Thin,One,DebugInfo,Abort,274.73944,107.361664,22587520,7367948,27.43
S,Three,Thin,One,DebugInfo,Abort,274.73944,102.562256,25200180,7448763,25.87
S,Both,Thin,One,DebugInfo,Abort,274.73944,91.6077,25179561,7438976,25.54
S,None,Thin,Default,None,Unwind,239.87233,0,55502757,11041419,25.78
S,S,Thin,Default,None,Unwind,239.87233,125.382935,31571285,8547683,26.74
S,Z,Thin,Default,None,Unwind,239.87233,132.56686,27060844,8403589,27.27
S,Three,Thin,Default,None,Unwind,239.87233,133.67851,31625169,8570478,25.69
S,Both,Thin,Default,None,Unwind,239.87233,121.88899,31571285,8547683,26.69
S,None,Thin,Default,None,Abort,237.22075,0,55498671,11047656,25.99
S,S,Thin,Default,None,Abort,237.22075,114.735435,31567051,8550017,25.25
S,Z,Thin,Default,None,Abort,237.22075,133.24269,27054302,8406624,27.24
S,Three,Thin,Default,None,Abort,237.22075,122.53379,31618789,8572877,27.18
S,Both,Thin,Default,None,Abort,237.22075,112.54786,31567051,8550017,26.37
S,None,Thin,Default,DebugInfo,Unwind,237.19337,0,55502757,11041419,25.65
S,S,Thin,Default,DebugInfo,Unwind,237.19337,105.15875,31571285,8547683,27.42
S,Z,Thin,Default,DebugInfo,Unwind,237.19337,130.8839,27060844,8403589,26.52
S,Three,Thin,Default,DebugInfo,Unwind,237.19337,133.28706,31625169,8570478,27.06
S,Both,Thin,Default,DebugInfo,Unwind,237.19337,126.79911,31571285,8547683,26.66
S,None,Thin,Default,DebugInfo,Abort,235.74376,0,55498671,11047656,26.24
S,S,Thin,Default,DebugInfo,Abort,235.74376,114.82163,31567051,8550017,25.69
S,Z,Thin,Default,DebugInfo,Abort,235.74376,130.05914,27054302,8406624,26.83
S,Three,Thin,Default,DebugInfo,Abort,235.74376,122.01306,31618789,8572877,25.45
S,Both,Thin,Default,DebugInfo,Abort,235.74376,110.29231,31567051,8550017,26.05
S,None,Fat,One,None,Unwind,555.33215,0,31584276,8271425,25.39
S,S,Fat,One,None,Unwind,555.33215,48.149494,22590217,6806047,25.83
S,Z,Fat,One,None,Unwind,555.33215,61.2658,20394401,6731809,26.49
S,Three,Fat,One,None,Unwind,555.33215,58.489536,22613433,6812368,25.91
S,Both,Fat,One,None,Unwind,555.33215,48.11379,22590217,6806047,25.54
S,None,Fat,One,None,Abort,558.53986,0,31642166,8278803,26.7
S,S,Fat,One,None,Abort,558.53986,56.616306,22622286,6810802,25.65
S,Z,Fat,One,None,Abort,558.53986,60.156345,20426490,6737898,24.42
S,Three,Fat,One,None,Abort,558.53986,61.368206,22645447,6816596,25.31
S,Both,Fat,One,None,Abort,558.53986,53.74038,22622286,6810802,25.04
S,None,Fat,One,DebugInfo,Unwind,556.2395,0,31584276,8271425,25.11
S,S,Fat,One,DebugInfo,Unwind,556.2395,55.269543,22590217,6806047,26.79
S,Z,Fat,One,DebugInfo,Unwind,556.2395,56.425053,20394401,6731809,25.15
S,Three,Fat,One,DebugInfo,Unwind,556.2395,54.682392,22613433,6812368,26.24
S,Both,Fat,One,DebugInfo,Unwind,556.2395,55.57686,22590217,6806047,25.21
S,None,Fat,One,DebugInfo,Abort,555.90594,0,31642166,8278803,26.11
S,S,Fat,One,DebugInfo,Abort,555.90594,51.31895,22622286,6810802,24.2
S,Z,Fat,One,DebugInfo,Abort,555.90594,60.13925,20426490,6737898,25.44
S,Three,Fat,One,DebugInfo,Abort,555.90594,60.23824,22645447,6816596,26.21
S,Both,Fat,One,DebugInfo,Abort,555.90594,56.370903,22622286,6810802,25.54
S,None,Fat,Default,None,Unwind,650.269,0,40438501,9465912,26.06
S,S,Fat,Default,None,Unwind,650.269,72.69549,26102458,7429442,25.62
S,Z,Fat,Default,None,Unwind,650.269,76.60736,23420643,7338800,27.37
S,Three,Fat,Default,None,Unwind,650.269,75.56733,26127019,7440810,26.25
S,Both,Fat,Default,None,Unwind,650.269,70.52029,26102458,7429442,26.48
S,None,Fat,Default,None,Abort,654.7536,0,40379264,9462456,25.86
S,S,Fat,Default,None,Abort,654.7536,69.258736,26071760,7424903,26.81
S,Z,Fat,Default,None,Abort,654.7536,69.47635,23382782,7334564,26.47
S,Three,Fat,Default,None,Abort,654.7536,74.63447,26096318,7435635,26.64
S,Both,Fat,Default,None,Abort,654.7536,71.01107,26071760,7424903,26.18
S,None,Fat,Default,DebugInfo,Unwind,643.01434,0,40438501,9465912,27.25
S,S,Fat,Default,DebugInfo,Unwind,643.01434,71.76071,26102458,7429442,26.49
S,Z,Fat,Default,DebugInfo,Unwind,643.01434,74.71161,23420643,7338800,26.4
S,Three,Fat,Default,DebugInfo,Unwind,643.01434,70.2838,26127019,7440810,27.02
S,Both,Fat,Default,DebugInfo,Unwind,643.01434,72.27373,26102458,7429442,26.13
S,None,Fat,Default,DebugInfo,Abort,642.54474,0,40379264,9462456,26.34
S,S,Fat,Default,DebugInfo,Abort,642.54474,69.28645,26071760,7424903,25.61
S,Z,Fat,Default,DebugInfo,Abort,642.54474,75.674324,23382782,7334564,26.09
S,Three,Fat,Default,DebugInfo,Abort,642.54474,77.54569,26096318,7435635,27.01
S,Both,Fat,Default,DebugInfo,Abort,642.54474,71.010605,26071760,7424903,25.87
Z,None,Off,One,None,Unwind,174.85478,0,38339409,9157170,38.19
Z,S,Off,One,None,Unwind,174.85478,130.64314,21348631,6621173,37.35
Z,Z,Off,One,None,Unwind,174.85478,129.7904,19917093,6600073,38.92
Z,Three,Off,One,None,Unwind,174.85478,130.62949,21747505,6687429,39.51
Z,Both,Off,One,None,Unwind,174.85478,123.80334,21348631,6621173,38.51
Z,None,Off,One,None,Abort,170.46788,0,38347249,9158492,38.09
Z,S,Off,One,None,Abort,170.46788,130.76884,21363951,6622743,37.6
Z,Z,Off,One,None,Abort,170.46788,136.5205,19936695,6604129,36.64
Z,Three,Off,One,None,Abort,170.46788,132.5048,21762780,6689669,39.09
Z,Both,Off,One,None,Abort,170.46788,128.70642,21363951,6622743,38.67
Z,None,Off,One,DebugInfo,Unwind,174.50328,0,38339409,9157170,37.54
Z,S,Off,One,DebugInfo,Unwind,174.50328,125.660255,21348631,6621173,39.32
Z,Z,Off,One,DebugInfo,Unwind,174.50328,120.91151,19917093,6600073,38.72
Z,Three,Off,One,DebugInfo,Unwind,174.50328,135.06435,21747505,6687429,38.53
Z,Both,Off,One,DebugInfo,Unwind,174.50328,122.53358,21348631,6621173,39.23
Z,None,Off,One,DebugInfo,Abort,170.07304,0,38347249,9158492,37.71
Z,S,Off,One,DebugInfo,Abort,170.07304,125.17332,21363951,6622743,39
Z,Z,Off,One,DebugInfo,Abort,170.07304,135.58548,19936695,6604129,38.17
Z,Three,Off,One,DebugInfo,Abort,170.07304,136.72523,21762780,6689669,38.3
Z,Both,Off,One,DebugInfo,Abort,170.07304,109.99436,21363951,6622743,39.5
Z,None,Off,Default,None,Unwind,132.57549,0,58368484,11788625,40.19
Z,S,Off,Default,None,Unwind,132.57549,171.38266,27567829,7730580,37.01
Z,Z,Off,Default,None,Unwind,132.57549,197.56575,25515217,7686724,39.34
Z,Three,Off,Default,None,Unwind,132.57549,197.14467,28417003,7962037,38.11
Z,Both,Off,Default,None,Unwind,132.57549,165.52184,27567829,7730580,37.67
Z,None,Off,Default,None,Abort,131.06511,0,58379263,11788685,39.23
Z,S,Off,Default,None,Abort,131.06511,186.10197,27575561,7731221,39.23
Z,Z,Off,Default,None,Abort,131.06511,159.30562,25517000,7687486,38.77
Z,Three,Off,Default,None,Abort,131.06511,203.87495,28425165,7960498,39.46
Z,Both,Off,Default,None,Abort,131.06511,165.20924,27575561,7731221,38.04
Z,None,Off,Default,DebugInfo,Unwind,130.85367,0,58368484,11788625,39.21
Z,S,Off,Default,DebugInfo,Unwind,130.85367,185.28067,27567829,7730580,38.68
Z,Z,Off,Default,DebugInfo,Unwind,130.85367,197.69615,25515217,7686724,36.26
Z,Three,Off,Default,DebugInfo,Unwind,130.85367,205.01303,28417003,7962037,36.52
Z,Both,Off,Default,DebugInfo,Unwind,130.85367,189.25116,27567829,7730580,37.01
Z,None,Off,Default,DebugInfo,Abort,131.27141,0,58379263,11788685,38.73
Z,S,Off,Default,DebugInfo,Abort,131.27141,188.56598,27575561,7731221,38.13
Z,Z,Off,Default,DebugInfo,Abort,131.27141,174.88496,25517000,7687486,36.55
Z,Three,Off,Default,DebugInfo,Abort,131.27141,162.27101,28425165,7960498,38.19
Z,Both,Off,Default,DebugInfo,Abort,131.27141,197.97778,27575561,7731221,37.62
Z,None,Thin,One,None,Unwind,222.90398,0,37439488,8957233,37.91
Z,S,Thin,One,None,Unwind,222.90398,122.34558,21152841,6539089,36.75
Z,Z,Thin,One,None,Unwind,222.90398,114.39803,19691698,6516599,38.3
Z,Three,Thin,One,None,Unwind,222.90398,110.74231,21242390,6566069,37.68
Z,Both,Thin,One,None,Unwind,222.90398,119.75091,21152841,6539089,38.18
Z,None,Thin,One,None,Abort,225.71758,0,37471422,8959078,37.61
Z,S,Thin,One,None,Abort,225.71758,109.16642,21186781,6550263,36.99
Z,Z,Thin,One,None,Abort,225.71758,123.78207,19709454,6524662,38.91
Z,Three,Thin,One,None,Abort,225.71758,131.3353,21276765,6574857,38.69
Z,Both,Thin,One,None,Abort,225.71758,118.77696,21186781,6550263,37.14
Z,None,Thin,One,DebugInfo,Unwind,218.83861,0,37439488,8957233,39.24
Z,S,Thin,One,DebugInfo,Unwind,218.83861,108.089066,21152841,6539089,38.74
Z,Z,Thin,One,DebugInfo,Unwind,218.83861,131.1513,19691698,6516599,37.92
Z,Three,Thin,One,DebugInfo,Unwind,218.83861,122.61161,21242390,6566069,36.9
Z,Both,Thin,One,DebugInfo,Unwind,218.83861,96.83688,21152841,6539089,37.05
Z,None,Thin,One,DebugInfo,Abort,220.21477,0,37471422,8959078,38.31
Z,S,Thin,One,DebugInfo,Abort,220.21477,124.78111,21186781,6550263,37.71
Z,Z,Thin,One,DebugInfo,Abort,220.21477,128.03868,19709454,6524662,37.74
Z,Three,Thin,One,DebugInfo,Abort,220.21477,108.81636,21276765,6574857,37.9
Z,Both,Thin,One,DebugInfo,Abort,220.21477,116.37513,21186781,6550263,37.65
Z,None,Thin,Default,None,Unwind,217.78006,0,54446006,11166614,34.28
Z,S,Thin,Default,None,Unwind,217.78006,165.95569,26824268,7661697,33.56
Z,Z,Thin,Default,None,Unwind,217.78006,173.28185,24529851,7601030,36.29
Z,Three,Thin,Default,None,Unwind,217.78006,171.36098,27014718,7701992,34.54
Z,Both,Thin,Default,None,Unwind,217.78006,164.94147,26824268,7661697,35.33
Z,None,Thin,Default,None,Abort,221.36873,0,54445427,11164220,35.01
Z,S,Thin,Default,None,Abort,221.36873,157.1734,26834239,7663635,33.22
Z,Z,Thin,Default,None,Abort,221.36873,170.97858,24537520,7601546,34.22
Z,Three,Thin,Default,None,Abort,221.36873,167.97589,27025038,7705048,34.53
Z,Both,Thin,Default,None,Abort,221.36873,142.43712,26834239,7663635,35.72
Z,None,Thin,Default,DebugInfo,Unwind,228.03897,0,54446006,11166614,33.89
Z,S,Thin,Default,DebugInfo,Unwind,228.03897,164.26251,26824268,7661697,35.68
Z,Z,Thin,Default,DebugInfo,Unwind,228.03897,171.99216,24529851,7601030,34.36
Z,Three,Thin,Default,DebugInfo,Unwind,228.03897,175.3945,27014718,7701992,32.73
Z,Both,Thin,Default,DebugInfo,Unwind,228.03897,155.78175,26824268,7661697,34.83
Z,None,Thin,Default,DebugInfo,Abort,215.30728,0,54445427,11164220,35.12
Z,S,Thin,Default,DebugInfo,Abort,215.30728,154.18176,26834239,7663635,35.18
Z,Z,Thin,Default,DebugInfo,Abort,215.30728,166.33562,24537520,7601546,33.56
Z,Three,Thin,Default,DebugInfo,Abort,215.30728,161.95255,27025038,7705048,35.25
Z,Both,Thin,Default,DebugInfo,Abort,215.30728,141.6495,26834239,7663635,33.84
Z,None,Fat,One,None,Unwind,423.96674,0,28253673,7664474,37.52
Z,S,Fat,One,None,Unwind,423.96674,57.230564,18745499,5976692,36.63
Z,Z,Fat,One,None,Unwind,423.96674,64.84417,17547288,5948351,36.09
Z,Three,Fat,One,None,Unwind,423.96674,65.12179,18829225,5996587,37.47
Z,Both,Fat,One,None,Unwind,423.96674,61.147186,18745499,5976692,35.78
Z,None,Fat,One,None,Abort,429.95096,0,28267002,7667348,36.44
Z,S,Fat,One,None,Abort,429.95096,57.034782,18751438,5978128,37.32
Z,Z,Fat,One,None,Abort,429.95096,57.707485,17559604,5949531,36.45
Z,Three,Fat,One,None,Abort,429.95096,64.27587,18835254,5997614,36.64
Z,Both,Fat,One,None,Abort,429.95096,58.51697,18751438,5978128,35.2
Z,None,Fat,One,DebugInfo,Unwind,426.88562,0,28253673,7664474,35.34
Z,S,Fat,One,DebugInfo,Unwind,426.88562,52.800472,18745499,5976692,36.47
Z,Z,Fat,One,DebugInfo,Unwind,426.88562,65.1064,17547288,5948351,38.07
Z,Three,Fat,One,DebugInfo,Unwind,426.88562,62.07971,18829225,5996587,37.64
Z,Both,Fat,One,DebugInfo,Unwind,426.88562,58.72646,18745499,5976692,35.51
Z,None,Fat,One,DebugInfo,Abort,425.56604,0,28267002,7667348,37.18
Z,S,Fat,One,DebugInfo,Abort,425.56604,53.093227,18751438,5978128,36.83
Z,Z,Fat,One,DebugInfo,Abort,425.56604,61.242493,17559604,5949531,38.14
Z,Three,Fat,One,DebugInfo,Abort,425.56604,64.99466,18835254,5997614,36.76
Z,Both,Fat,One,DebugInfo,Abort,425.56604,58.89451,18751438,5978128,35.63
Z,None,Fat,Default,None,Unwind,508.6201,0,36980513,8901750,34.77
Z,S,Fat,Default,None,Unwind,508.6201,62.403942,22254748,6650036,34.67
Z,Z,Fat,Default,None,Unwind,508.6201,77.72602,20707287,6613748,33.36
Z,Three,Fat,Default,None,Unwind,508.6201,81.634674,22344981,6675774,32.43
Z,Both,Fat,Default,None,Unwind,508.6201,65.89556,22254748,6650036,33.55
Z,None,Fat,Default,None,Abort,516.738,0,36964244,8899037,33.87
Z,S,Fat,Default,None,Abort,516.738,70.720955,22241663,6645547,34.26
Z,Z,Fat,Default,None,Abort,516.738,74.70867,20691706,6609049,33.79
Z,Three,Fat,Default,None,Abort,516.738,76.69218,22329558,6667085,34.01
Z,Both,Fat,Default,None,Abort,516.738,64.45086,22241663,6645547,32.49
Z,None,Fat,Default,DebugInfo,Unwind,509.8302,0,36980513,8901750,33.72
Z,S,Fat,Default,DebugInfo,Unwind,509.8302,71.61686,22254748,6650036,33.4
Z,Z,Fat,Default,DebugInfo,Unwind,509.8302,77.696106,20707287,6613748,33.97
Z,Three,Fat,Default,DebugInfo,Unwind,509.8302,77.84984,22344981,6675774,34.66
Z,Both,Fat,Default,DebugInfo,Unwind,509.8302,65.66844,22254748,6650036,33.18
Z,None,Fat,Default,DebugInfo,Abort,508.46985,0,36964244,8899037,32.89
Z,S,Fat,Default,DebugInfo,Abort,508.46985,75.97159,22241663,6645547,33.48
Z,Z,Fat,Default,DebugInfo,Abort,508.46985,75.2737,20691706,6609049,33.03
Z,Three,Fat,Default,DebugInfo,Abort,508.46985,82.00034,22329558,6667085,33.53
Z,Both,Fat,Default,DebugInfo,Abort,508.46985,62.53221,22241663,6645547,33.81
Three,None,Off,One,None,Unwind,0.3024739,0,36964244,8899037,33.83
Three,S,Off,One,None,Unwind,0.3024739,75.55959,22241663,6645547,35.5
Three,Z,Off,One,None,Unwind,0.3024739,70.69222,20691706,6609049,33.61
Three,Three,Off,One,None,Unwind,0.3024739,80.664116,22329558,6667085,33.96
Three,Both,Off,One,None,Unwind,0.3024739,70.86781,22241663,6645547,31.99
Three,None,Off,One,None,Abort,0.2969472,0,36964244,8899037,33.5
Three,S,Off,One,None,Abort,0.2969472,75.53779,22241663,6645547,34.17
Three,Z,Off,One,None,Abort,0.2969472,66.62746,20691706,6609049,33.11
Three,Three,Off,One,None,Abort,0.2969472,81.66817,22329558,6667085,33.93
Three,Both,Off,One,None,Abort,0.2969472,76.067474,22241663,6645547,32.93
Three,None,Off,One,DebugInfo,Unwind,0.2856112,0,36964244,8899037,33.61
Three,S,Off,One,DebugInfo,Unwind,0.2856112,70.49579,22241663,6645547,32.72
Three,Z,Off,One,DebugInfo,Unwind,0.2856112,69.891106,20691706,6609049,33.14
Three,Three,Off,One,DebugInfo,Unwind,0.2856112,80.74172,22329558,6667085,32.87
Three,Both,Off,One,DebugInfo,Unwind,0.2856112,76.056076,22241663,6645547,34.64
Three,None,Off,One,DebugInfo,Abort,0.29890302,0,36964244,8899037,33.19
Three,S,Off,One,DebugInfo,Abort,0.29890302,76.070496,22241663,6645547,33.92
Three,Z,Off,One,DebugInfo,Abort,0.29890302,70.616196,20691706,6609049,34.77
Three,Three,Off,One,DebugInfo,Abort,0.29890302,68.40703,22329558,6667085,34.69
Three,Both,Off,One,DebugInfo,Abort,0.29890302,71.19411,22241663,6645547,33.41
Three,None,Off,Default,None,Unwind,0.2985807,0,36964244,8899037,33.22
Three,S,Off,Default,None,Unwind,0.2985807,71.3585,22241663,6645547,33.74
Three,Z,Off,Default,None,Unwind,0.2985807,78.317856,20691706,6609049,34.37
Three,Three,Off,Default,None,Unwind,0.2985807,71.63682,22329558,6667085,33.62
Three,Both,Off,Default,None,Unwind,0.2985807,59.06917,22241663,6645547,35.23
Three,None,Off,Default,None,Abort,0.2897235,0,36964244,8899037,33.08
Three,S,Off,Default,None,Abort,0.2897235,74.27565,22241663,6645547,34.26
Three,Z,Off,Default,None,Abort,0.2897235,75.40511,20691706,6609049,33.39
Three,Three,Off,Default,None,Abort,0.2897235,65.07295,22329558,6667085,34.99
Three,Both,Off,Default,None,Abort,0.2897235,73.9661,22241663,6645547,32.84
Three,None,Off,Default,DebugInfo,Unwind,0.29221982,0,36964244,8899037,32.94
Three,S,Off,Default,DebugInfo,Unwind,0.29221982,64.62883,22241663,6645547,33.93
Three,Z,Off,Default,DebugInfo,Unwind,0.29221982,67.22838,20691706,6609049,33.42
Three,Three,Off,Default,DebugInfo,Unwind,0.29221982,79.27581,22329558,6667085,32.74
Three,Both,Off,Default,DebugInfo,Unwind,0.29221982,74.98736,22241663,6645547,32.32
Three,None,Off,Default,DebugInfo,Abort,0.29152602,0,36964244,8899037,33.73
Three,S,Off,Default,DebugInfo,Abort,0.29152602,73.35164,22241663,6645547,33.77
Three,Z,Off,Default,DebugInfo,Abort,0.29152602,75.495155,20691706,6609049,31.24
Three,Three,Off,Default,DebugInfo,Abort,0.29152602,77.19128,22329558,6667085,32.83
Three,Both,Off,Default,DebugInfo,Abort,0.29152602,71.73266,22241663,6645547,33.47
Three,None,Thin,One,None,Unwind,0.2902306,0,36964244,8899037,33.03
Three,S,Thin,One,None,Unwind,0.2902306,73.70524,22241663,6645547,32.82
Three,Z,Thin,One,None,Unwind,0.2902306,76.3258,20691706,6609049,35.24
Three,Three,Thin,One,None,Unwind,0.2902306,79.31279,22329558,6667085,33.3
Three,Both,Thin,One,None,Unwind,0.2902306,71.72265,22241663,6645547,34.14
Three,None,Thin,One,None,Abort,0.2869328,0,36964244,8899037,33.86
Three,S,Thin,One,None,Abort,0.2869328,66.302956,22241663,6645547,34.78
Three,Z,Thin,One,None,Abort,0.2869328,80.9449,20691706,6609049,34.14
Three,Three,Thin,One,None,Abort,0.2869328,80.53335,22329558,6667085,34.19
Three,Both,Thin,One,None,Abort,0.2869328,75.62798,22241663,6645547,33.43
Three,None,Thin,One,DebugInfo,Unwind,0.2913798,0,36964244,8899037,34.06
Three,S,Thin,One,DebugInfo,Unwind,0.2913798,64.385765,22241663,6645547,35.56
Three,Z,Thin,One,DebugInfo,Unwind,0.2913798,75.31145,20691706,6609049,34.71
Three,Three,Thin,One,DebugInfo,Unwind,0.2913798,77.67348,22329558,6667085,33.11
Three,Both,Thin,One,DebugInfo,Unwind,0.2913798,75.93667,22241663,6645547,33.42
Three,None,Thin,One,DebugInfo,Abort,0.2901224,0,36964244,8899037,34.15
Three,S,Thin,One,DebugInfo,Abort,0.2901224,75.86285,22241663,6645547,33.78
Three,Z,Thin,One,DebugInfo,Abort,0.2901224,80.06341,20691706,6609049,33.98
Three,Three,Thin,One,DebugInfo,Abort,0.2901224,71.56382,22329558,6667085,34.17
Three,Both,Thin,One,DebugInfo,Abort,0.2901224,62.488678,22241663,6645547,34.13
Three,None,Thin,Default,None,Unwind,0.2924759,0,36964244,8899037,33.12
Three,S,Thin,Default,None,Unwind,0.2924759,71.43721,22241663,6645547,33.61
Three,Z,Thin,Default,None,Unwind,0.2924759,78.37117,20691706,6609049,34.97
Three,Three,Thin,Default,None,Unwind,0.2924759,70.13198,22329558,6667085,36.64
Three,Both,Thin,Default,None,Unwind,0.2924759,75.67928,22241663,6645547,34.03
Three,None,Thin,Default,None,Abort,5.582346,0,36964244,8899037,33.59
Three,S,Thin,Default,None,Abort,5.582346,75.56674,22241663,6645547,33.4
Three,Z,Thin,Default,None,Abort,5.582346,78.44783,20691706,6609049,34.45
Three,Three,Thin,Default,None,Abort,5.582346,79.05539,22329558,6667085,33.86
Three,Both,Thin,Default,None,Abort,5.582346,64.46246,22241663,6645547,34.05
Three,None,Thin,Default,DebugInfo,Unwind,0.3044161,0,36964244,8899037,34.95
Three,S,Thin,Default,DebugInfo,Unwind,0.3044161,71.227844,22241663,6645547,34.03
Three,Z,Thin,Default,DebugInfo,Unwind,0.3044161,78.506645,20691706,6609049,34.09
Three,Three,Thin,Default,DebugInfo,Unwind,0.3044161,76.107506,22329558,6667085,34.12
Three,Both,Thin,Default,DebugInfo,Unwind,0.3044161,66.32139,22241663,6645547,33.08
Three,None,Thin,Default,DebugInfo,Abort,0.28427058,0,36964244,8899037,34.42
Three,S,Thin,Default,DebugInfo,Abort,0.28427058,71.04304,22241663,6645547,33.34
Three,Z,Thin,Default,DebugInfo,Abort,0.28427058,75.8063,20691706,6609049,33.38
Three,Three,Thin,Default,DebugInfo,Abort,0.28427058,81.67603,22329558,6667085,33.08
Three,Both,Thin,Default,DebugInfo,Abort,0.28427058,64.54851,22241663,6645547,34.3
Three,None,Fat,One,None,Unwind,0.2895159,0,36964244,8899037,32.15
Three,S,Fat,One,None,Unwind,0.2895159,74.55158,22241663,6645547,33.58
Three,Z,Fat,One,None,Unwind,0.2895159,75.83367,20691706,6609049,33.63
Three,Three,Fat,One,None,Unwind,0.2895159,70.630226,22329558,6667085,33.85
Three,Both,Fat,One,None,Unwind,0.2895159,66.432625,22241663,6645547,33.75
Three,None,Fat,One,None,Abort,0.2946341,0,36964244,8899037,34.2
Three,S,Fat,One,None,Abort,0.2946341,59.392696,22241663,6645547,34.49
Three,Z,Fat,One,None,Abort,0.2946341,77.88472,20691706,6609049,32.55
Three,Three,Fat,One,None,Abort,0.2946341,81.816086,22329558,6667085,32.61
Three,Both,Fat,One,None,Abort,0.2946341,75.45907,22241663,6645547,34.17
Three,None,Fat,One,DebugInfo,Unwind,0.2851994,0,36964244,8899037,35.07
Three,S,Fat,One,DebugInfo,Unwind,0.2851994,64.6575,22241663,6645547,33.3
Three,Z,Fat,One,DebugInfo,Unwind,0.2851994,75.304276,20691706,6609049,33.98
Three,Three,Fat,One,DebugInfo,Unwind,0.2851994,71.643364,22329558,6667085,34.45
Three,Both,Fat,One,DebugInfo,Unwind,0.2851994,66.70081,22241663,6645547,33.05
Three,None,Fat,One,DebugInfo,Abort,0.307139,0,36964244,8899037,33.58
Three,S,Fat,One,DebugInfo,Abort,0.307139,66.170876,22241663,6645547,35.18
Three,Z,Fat,One,DebugInfo,Abort,0.307139,63.815838,20691706,6609049,33.87
Three,Three,Fat,One,DebugInfo,Abort,0.307139,71.162186,22329558,6667085,33.59
Three,Both,Fat,One,DebugInfo,Abort,0.307139,73.06102,22241663,6645547,34.58
Three,None,Fat,Default,None,Unwind,0.2932269,0,36964244,8899037,32.29
Three,S,Fat,Default,None,Unwind,0.2932269,75.61412,22241663,6645547,32.85
Three,Z,Fat,Default,None,Unwind,0.2932269,67.26409,20691706,6609049,33.72
Three,Three,Fat,Default,None,Unwind,0.2932269,77.45801,22329558,6667085,34.93
Three,Both,Fat,Default,None,Unwind,0.2932269,73.43675,22241663,6645547,34.58
Three,None,Fat,Default,None,Abort,0.28969252,0,36964244,8899037,32.71
Three,S,Fat,Default,None,Abort,0.28969252,71.992256,22241663,6645547,33.66
Three,Z,Fat,Default,None,Abort,0.28969252,69.32905,20691706,6609049,34.24
Three,Three,Fat,Default,None,Abort,0.28969252,77.17613,22329558,6667085,33.2
Three,Both,Fat,Default,None,Abort,0.28969252,64.4277,22241663,6645547,33.68
Three,None,Fat,Default,DebugInfo,Unwind,0.3090895,0,36964244,8899037,34.05
Three,S,Fat,Default,DebugInfo,Unwind,0.3090895,66.285904,22241663,6645547,32.53
Three,Z,Fat,Default,DebugInfo,Unwind,0.3090895,79.9978,20691706,6609049,33.77
Three,Three,Fat,Default,DebugInfo,Unwind,0.3090895,69.984924,22329558,6667085,34.57
Three,Both,Fat,Default,DebugInfo,Unwind,0.3090895,62.367886,22241663,6645547,33.03
Three,None,Fat,Default,DebugInfo,Abort,0.2990673,0,36964244,8899037,34.12
Three,S,Fat,Default,DebugInfo,Abort,0.2990673,64.477875,22241663,6645547,34.88
Three,Z,Fat,Default,DebugInfo,Abort,0.2990673,75.35772,20691706,6609049,34.19
Three,Three,Fat,Default,DebugInfo,Abort,0.2990673,77.10313,22329558,6667085,34.09
Three,Both,Fat,Default,DebugInfo,Abort,0.2990673,71.864105,22241663,6645547,32.67
