opt_level,wasm_opt,lto,codegen_units,strip,build_time,wasm_opt_time,size,size_gzipped,frame_time
S,None,Off,One,None,69.062325,0,27299745,6711142,23.52
S,S,Off,One,None,69.062325,61.21088,18000739,5529756,23.53
S,Z,Off,One,None,69.062325,64.32281,16218763,5480210,24.22
S,Three,Off,One,None,69.062325,67.62613,18304582,5577798,23.83
S,Both,Off,One,None,69.062325,63.13739,18000739,5529756,24.15
S,None,Off,One,DebugInfo,65.90337,0,27304901,6713936,24.52
S,S,Off,One,DebugInfo,65.90337,61.261883,18004724,5531760,23.61
S,Z,Off,One,DebugInfo,65.90337,62.585472,16227305,5483876,23.94
S,Three,Off,One,DebugInfo,65.90337,68.02623,18308682,5581182,24.26
S,Both,Off,One,DebugInfo,65.90337,61.777657,18004724,5531760,24
S,None,Off,Default,None,44.9032,0,38857072,8025191,25.77
S,S,Off,Default,None,44.9032,112.9976,21753304,6053698,24.81
S,Z,Off,Default,None,44.9032,119.112595,19782405,6014609,25.56
S,Three,Off,Default,None,44.9032,120.98399,22378485,6225062,26.8
S,Both,Off,Default,None,44.9032,111.85479,21753304,6053698,25.29
S,None,Off,Default,DebugInfo,44.30996,0,38824701,8018103,26.02
S,S,Off,Default,DebugInfo,44.30996,108.05531,21745625,6051669,24.22
S,Z,Off,Default,DebugInfo,44.30996,110.30417,19774876,6012239,25.37
S,Three,Off,Default,DebugInfo,44.30996,115.08514,22370505,6224004,24.84
S,Both,Off,Default,DebugInfo,44.30996,114.35207,21745625,6051669,25.37
S,None,Thin,One,None,82.6508,0,27425034,6621300,23.12
S,S,Thin,One,None,82.6508,58.962093,18571266,5585697,23.02
S,Z,Thin,One,None,82.6508,59.083035,16672795,5525532,22.98
S,Three,Thin,One,None,82.6508,60.553917,18565686,5595325,22.35
S,Both,Thin,One,None,82.6508,54.869408,18571266,5585697,23.15
S,None,Thin,One,DebugInfo,81.02228,0,27441180,6623021,22.54
S,S,Thin,One,DebugInfo,81.02228,59.165447,18586141,5583311,22.14
S,Z,Thin,One,DebugInfo,81.02228,58.995956,16675472,5526908,22.99
S,Three,Thin,One,DebugInfo,81.02228,61.84376,18580550,5593706,22.9
S,Both,Thin,One,DebugInfo,81.02228,56.220062,18586141,5583311,21.71
S,None,Thin,Default,None,68.602615,0,36450911,7637145,22.39
S,S,Thin,Default,None,68.602615,68.864075,21980588,6168971,22.63
S,Z,Thin,Default,None,68.602615,74.05933,18770557,6066856,21.72
S,Three,Thin,Default,None,68.602615,77.35613,21989065,6181723,22.04
S,Both,Thin,Default,None,68.602615,71.696335,21980588,6168971,22.33
S,None,Thin,Default,DebugInfo,67.74025,0,36468854,7649199,22.06
S,S,Thin,Default,DebugInfo,67.74025,70.64297,21982963,6174972,21.51
S,Z,Thin,Default,DebugInfo,67.74025,74.16822,18767908,6076149,21.64
S,Three,Thin,Default,DebugInfo,67.74025,77.35236,21989372,6191752,21.84
S,Both,Thin,Default,DebugInfo,67.74025,70.50463,21982963,6174972,22.79
S,None,Fat,One,None,194.4688,0,22510425,6058142,22.76
S,S,Fat,One,None,194.4688,31.585995,16769509,5133021,22.94
S,Z,Fat,One,None,194.4688,32.412167,15080204,5068773,22.55
S,Three,Fat,One,None,194.4688,36.602627,16767732,5134137,22.43
S,Both,Fat,One,None,194.4688,30.563883,16769509,5133021,21.94
S,None,Fat,One,DebugInfo,190.0653,0,22515625,6071988,23.2
S,S,Fat,One,DebugInfo,190.0653,30.02802,16768616,5141679,23.15
S,Z,Fat,One,DebugInfo,190.0653,32.00515,15095931,5080022,21.75
S,Three,Fat,One,DebugInfo,190.0653,36.251507,16766825,5141906,22.6
S,Both,Fat,One,DebugInfo,190.0653,30.649218,16768616,5141679,22.45
S,None,Fat,Default,None,215.16656,0,27094560,6675810,21.81
S,S,Fat,Default,None,215.16656,36.997818,18594198,5466343,22.39
S,Z,Fat,Default,None,215.16656,38.991917,16491068,5390472,22.51
S,Three,Fat,Default,None,215.16656,42.703323,18593092,5468779,21.72
S,Both,Fat,Default,None,215.16656,36.592453,18594198,5466343,22.28
S,None,Fat,Default,DebugInfo,215.0899,0,27081595,6667237,22.48
S,S,Fat,Default,DebugInfo,215.0899,37.365456,18599643,5462175,22.77
S,Z,Fat,Default,DebugInfo,215.0899,39.16677,16487533,5387328,22.72
S,Three,Fat,Default,DebugInfo,215.0899,43.4589,18598629,5463935,22
S,Both,Fat,Default,DebugInfo,215.0899,36.355007,18599643,5462175,21.85
Z,None,Off,One,None,55.616394,0,26061690,6610746,30.95
Z,S,Off,One,None,55.616394,81.97048,14992898,4924140,31.94
Z,Z,Off,One,None,55.616394,80.871086,13923617,4900683,30.91
Z,Three,Off,One,None,55.616394,85.976845,15182300,4966884,31.64
Z,Both,Off,One,None,55.616394,81.07239,14992898,4924140,32.07
Z,None,Off,One,DebugInfo,54.44,0,26059048,6610748,30.71
Z,S,Off,One,DebugInfo,54.44,80.46365,14987768,4925144,31.27
Z,Z,Off,One,DebugInfo,54.44,80.58978,13917747,4900271,30.79
Z,Three,Off,One,DebugInfo,54.44,87.604256,15177251,4967610,31.55
Z,Both,Off,One,DebugInfo,54.44,81.24227,14987768,4925144,31.91
Z,None,Off,Default,None,41.771122,0,37421251,8031950,28.8
Z,S,Off,Default,None,41.771122,118.43454,18919962,5567026,30.76
Z,Z,Off,Default,None,41.771122,125.15273,17534694,5538412,29.63
Z,Three,Off,Default,None,41.771122,129.12804,19405566,5717912,29
Z,Both,Off,Default,None,41.771122,122.90306,18919962,5567026,30.7
Z,None,Off,Default,DebugInfo,40.573,0,37422962,8029258,29.16
Z,S,Off,Default,DebugInfo,40.573,122.01535,18901863,5565624,30.97
Z,Z,Off,Default,DebugInfo,40.573,124.6564,17517723,5534180,30.16
Z,Three,Off,Default,DebugInfo,40.573,123.78755,19389176,5713426,30.77
Z,Both,Off,Default,DebugInfo,40.573,115.91502,18901863,5565624,29.52
Z,None,Thin,One,None,65.962234,0,25445842,6448010,28.21
Z,S,Thin,One,None,65.962234,76.07448,14868821,4851726,29.32
Z,Z,Thin,One,None,65.962234,76.77015,13762971,4828226,29.47
Z,Three,Thin,One,None,65.962234,80.62041,14940967,4874354,29.13
Z,Both,Thin,One,None,65.962234,73.310524,14868821,4851726,29.55
Z,None,Thin,One,DebugInfo,64.750404,0,25441253,6444870,29.69
Z,S,Thin,One,DebugInfo,64.750404,80.6762,14853434,4845447,29.74
Z,Z,Thin,One,DebugInfo,64.750404,79.735374,13748012,4824085,29.29
Z,Three,Thin,One,DebugInfo,64.750404,79.718285,14925977,4870068,29.95
Z,Both,Thin,One,DebugInfo,64.750404,77.409584,14853434,4845447,29.86
Z,None,Thin,Default,None,62.361862,0,35241787,7676556,27.16
Z,S,Thin,Default,None,62.361862,95.94521,18567683,5510273,27.74
Z,Z,Thin,Default,None,62.361862,94.914505,16808347,5467226,28.72
Z,Three,Thin,Default,None,62.361862,104.62994,18726224,5538876,28.6
Z,Both,Thin,Default,None,62.361862,96.21242,18567683,5510273,28.62
Z,None,Thin,Default,DebugInfo,62.172016,0,35254064,7677419,28.86
Z,S,Thin,Default,DebugInfo,62.172016,95.20717,18566737,5508213,29.37
Z,Z,Thin,Default,DebugInfo,62.172016,99.38947,16806643,5466396,28.54
Z,Three,Thin,Default,DebugInfo,62.172016,95.767944,18725432,5539000,28.54
Z,Both,Thin,Default,DebugInfo,62.172016,95.23873,18566737,5508213,28.68
Z,None,Fat,One,None,148.42834,0,19359180,5558679,28.25
Z,S,Fat,One,None,148.42834,31.676872,13384391,4488010,28.7
Z,Z,Fat,One,None,148.42834,34.087967,12451769,4465233,28.12
Z,Three,Fat,One,None,148.42834,35.807804,13455059,4508737,29.55
Z,Both,Fat,One,None,148.42834,32.77074,13384391,4488010,28.85
Z,None,Fat,One,DebugInfo,147.3792,0,19358881,5559336,27.75
Z,S,Fat,One,DebugInfo,147.3792,32.258533,13383188,4488507,28.39
Z,Z,Fat,One,DebugInfo,147.3792,33.909428,12449199,4465349,27.38
Z,Three,Fat,One,DebugInfo,147.3792,36.11461,13454661,4509600,28.68
Z,Both,Fat,One,DebugInfo,147.3792,32.143402,13383188,4488507,27.99
Z,None,Fat,Default,None,178.493,0,24504741,6237406,27.01
Z,S,Fat,Default,None,178.493,46.227894,15845134,4894429,27.62
Z,Z,Fat,Default,None,178.493,45.878757,14363559,4855158,27.03
Z,Three,Fat,Default,None,178.493,50.325,15939573,4913448,26.21
Z,Both,Fat,Default,None,178.493,47.767254,15845134,4894429,27.55
Z,None,Fat,Default,DebugInfo,178.06628,0,24488844,6236256,27.22
Z,S,Fat,Default,DebugInfo,178.06628,45.21031,15838069,4893553,26.72
Z,Z,Fat,Default,DebugInfo,178.06628,49.49653,14355825,4854485,27.64
Z,Three,Fat,Default,DebugInfo,178.06628,51.05727,15933063,4912758,26.4
Z,Both,Fat,Default,DebugInfo,178.06628,45.422012,15838069,4893553,26.81
Three,None,Off,One,None,0.2508618,0,24488844,6236256,27.08
Three,S,Off,One,None,0.2508618,45.942657,15838069,4893553,26.3
Three,Z,Off,One,None,0.2508618,47.70762,14355825,4854485,27.09
Three,Three,Off,One,None,0.2508618,50.92419,15933063,4912758,27.82
Three,Both,Off,One,None,0.2508618,47.962738,15838069,4893553,26.87
Three,None,Off,One,DebugInfo,0.25167328,0,24488844,6236256,27.06
Three,S,Off,One,DebugInfo,0.25167328,45.797817,15838069,4893553,26.29
Three,Z,Off,One,DebugInfo,0.25167328,47.684162,14355825,4854485,27.22
Three,Three,Off,One,DebugInfo,0.25167328,49.97336,15933063,4912758,27.32
Three,Both,Off,One,DebugInfo,0.25167328,45.196186,15838069,4893553,26.43
Three,None,Off,Default,None,0.2632968,0,24488844,6236256,27.43
Three,S,Off,Default,None,0.2632968,43.969036,15838069,4893553,26.34
Three,Z,Off,Default,None,0.2632968,46.99525,14355825,4854485,27.77
Three,Three,Off,Default,None,0.2632968,48.421963,15933063,4912758,28.14
Three,Both,Off,Default,None,0.2632968,45.254433,15838069,4893553,27.15
Three,None,Off,Default,DebugInfo,0.2504811,0,24488844,6236256,27
Three,S,Off,Default,DebugInfo,0.2504811,45.18697,15838069,4893553,26.68
Three,Z,Off,Default,DebugInfo,0.2504811,47.527996,14355825,4854485,27.42
Three,Three,Off,Default,DebugInfo,0.2504811,50.17394,15933063,4912758,27.99
Three,Both,Off,Default,DebugInfo,0.2504811,43.789864,15838069,4893553,26.86
Three,None,Thin,One,None,0.2560636,0,24488844,6236256,27.08
Three,S,Thin,One,None,0.2560636,45.515415,15838069,4893553,25.86
Three,Z,Thin,One,None,0.2560636,48.747818,14355825,4854485,27.53
Three,Three,Thin,One,None,0.2560636,50.145123,15933063,4912758,28.01
Three,Both,Thin,One,None,0.2560636,46.930943,15838069,4893553,26.74
Three,None,Thin,One,DebugInfo,0.2689378,0,24488844,6236256,26.7
Three,S,Thin,One,DebugInfo,0.2689378,43.60184,15838069,4893553,26.19
Three,Z,Thin,One,DebugInfo,0.2689378,46.102364,14355825,4854485,26.63
Three,Three,Thin,One,DebugInfo,0.2689378,52.55473,15933063,4912758,27.86
Three,Both,Thin,One,DebugInfo,0.2689378,45.97765,15838069,4893553,27.32
Three,None,Thin,Default,None,0.25256,0,24488844,6236256,27.04
Three,S,Thin,Default,None,0.25256,45.321934,15838069,4893553,26.3
Three,Z,Thin,Default,None,0.25256,47.598457,14355825,4854485,26.65
Three,Three,Thin,Default,None,0.25256,50.6065,15933063,4912758,28.11
Three,Both,Thin,Default,None,0.25256,48.00829,15838069,4893553,27
Three,None,Thin,Default,DebugInfo,0.2570518,0,24488844,6236256,27.15
Three,S,Thin,Default,DebugInfo,0.2570518,45.76744,15838069,4893553,26.24
Three,Z,Thin,Default,DebugInfo,0.2570518,45.456272,14355825,4854485,26.78
Three,Three,Thin,Default,DebugInfo,0.2570518,50.494984,15933063,4912758,28.3
Three,Both,Thin,Default,DebugInfo,0.2570518,44.507862,15838069,4893553,27.24
Three,None,Fat,One,None,0.2548948,0,24488844,6236256,27.47
Three,S,Fat,One,None,0.2548948,45.40861,15838069,4893553,25.86
Three,Z,Fat,One,None,0.2548948,47.037266,14355825,4854485,26.49
Three,Three,Fat,One,None,0.2548948,52.882698,15933063,4912758,27.69
Three,Both,Fat,One,None,0.2548948,44.54445,15838069,4893553,27.13
Three,None,Fat,One,DebugInfo,0.2568443,0,24488844,6236256,26.86
Three,S,Fat,One,DebugInfo,0.2568443,45.69915,15838069,4893553,25.98
Three,Z,Fat,One,DebugInfo,0.2568443,47.52281,14355825,4854485,27.03
Three,Three,Fat,One,DebugInfo,0.2568443,49.05531,15933063,4912758,28.08
Three,Both,Fat,One,DebugInfo,0.2568443,45.7407,15838069,4893553,26.47
Three,None,Fat,Default,None,0.2522443,0,24488844,6236256,27.15
Three,S,Fat,Default,None,0.2522443,47.1505,15838069,4893553,26.53
Three,Z,Fat,Default,None,0.2522443,45.391705,14355825,4854485,26.55
Three,Three,Fat,Default,None,0.2522443,48.35569,15933063,4912758,27.86
Three,Both,Fat,Default,None,0.2522443,45.962063,15838069,4893553,26.63
Three,None,Fat,Default,DebugInfo,0.258426,0,24488844,6236256,27.16
Three,S,Fat,Default,DebugInfo,0.258426,44.322495,15838069,4893553,27.92
Three,Z,Fat,Default,DebugInfo,0.258426,47.814095,14355825,4854485,26.71
Three,Three,Fat,Default,DebugInfo,0.258426,50.7823,15933063,4912758,28.05
Three,Both,Fat,Default,DebugInfo,0.258426,45.7443,15838069,4893553,27
